Book Title,Author,Call Number,Date,Publisher,Page Length,Format
The encyclopedia of how it's built,Donald Clarke,610,1979,A & W Publishers,184,Book
"Frontier medicine: From the atlantic to the pacific, 1492-1941",David Dary,610.973,2008,Alfred A. Knopf,381,Book
I'll be a doctor,Connie Colwell Miller,610.69,2017,Amicus Illustrated,24,"Book, E-Book"
Nurses,Christina Leaf,610.73,2018,Bellwether Media Inc,24,"Book, E-Book"
Nurses,Dee Ready,610.78,1997,Bridgestone Books,24,Book
The doctor's office: a 4D book,B. A. Hoena,610,2004,Capstone Press,24,"Book, E-Book"
A day in the life of a doctor,Heather Adamson,610.69,2004,Capstone Press,24,Book
Top screwups doctors make and how to avoid them,Joe Graedon,610.28,2011,Crown Archetype,314,Book
"Boy, were we wrong about the human body!",Kathleen V. Kudlinski,610.9,2015,Dial Books for Young Readers,N/A,Book
Kill or cure: An illustrated history of medicine,Steve Parker,610.9,2013,DK Publishing,400,Book
The mystery of the exploding teeth: And other curiosities from the history of medicine,Thomas Morris,610,2018,Dutton,351,"Book, E-Book"
Doctored: The disillusionment of an american physican,Sandeep Jauhar,610.92,2014,"Farrar, Straus and Giroux",268,Book
Webster's new explorer medical dictionary: created in cooperation with the editors of Merriam-Webster,"Merriam-Webster, Inc.",610.321,2006,Federal Street Press,833,Book
I want to be a doctor,Daniel Liebman,610.69,2000,Firefly Books,22,Book
You wouldn't want to be sick in the 16th century!: diseases you'd rather not catch,Kathryn Senior,610.942,2002,Franklin Watts,32,Book
Return of the rishi: a doctor's search for the ultimate healer,Deepak Chopra,610,1988,Houghton Mifflin,212,Book
Doctors,Marlene Targ Brill,610,2005,Lerner Publications Co.,32,Book
Does it really take seven years to digest swallowed gum?: and other questions you've always wanted to ask,Sandra Donovan,610,2010,Lerner Publications Co.,40,"Book, E-Book"
Does an apple a day keep the doctor away?: and other questions about your health and body,Sandra Donovan,610,2010,Lerner Publications Co.,40,"Book, E-Book"
ER nurses: true stories from America's greatest unsung heroes,James Patterson,610.7309,2021,"Little, Brown and Company",295,Book
The checklist manifesto: how to get things right,Atul Gawande,610.28,2010,Metropolitan Books,209,Book
"Brotherhood: dharma, destiny, and the American dream",Deepak Chopra,610.92,2013,New Harvest/Houghton Mifflin Harcourt,366,Book
Women in white coats: How the first women doctors changed the world of medicine,Olivia Campbell,610.92,2021,Park Row Books,361,Book
"How patients should think: 10 questions to ask your doctor about drugs, tests, and treatment",Ray Moynihan,610,2009,Pegasus Books,234,Book
Your medical mind: how to decide what is right for you,Jerome E. Groopman,610,2011,Penguin Press,308,Book
How to be a friend to a friend who's sick,Letty Cottin Pogrebin,610,2013,PublicAffairs,283,Book
Cracking the nursing school entrance exams,Kristen Marie Haight,610.73076,2011,Random House,369,Book
The laws of medicine: field notes from an uncertain science,Siddhartha Mukherjee,610.1,2015,"Ted Books, Simon & Schuster",70,"Book, E-Book"
Mayo Clinic A to Z health guide,Scott Litin,610.3,2015,Time Home Entertainment,319,Book
Doctors did what?!: weird history of medicine,Richard Platt,610.9,2006,Two-can,48,Book
The doctor wore petticoats: women physicans of the Old West,Chris Enss,610.92278,2006,TwoDot,125,Book
That good night: Life and medicine in the eleventh hour,Sunita Puri,610.92,2019,Viking,301,Book
The doctors Blackwell: How two pioneering sisters brought medicine to women and women to medicine,Janice Nimura,610.92,2021,W. W. Norton & Company,320,"Book, E-Book"
Medicine,World Book Inc,610,2009,World Book,47,Book
Medical robots,Thomas Kingsley Troupe,610.28,2018,World Book Inc.,31,Book
Medicine's 10 greatest discoveries,Meyer Friedman,610.9,1998,Yale University Press,263,Book
